{
  "protocol": {
    "system": "zero-shot MegaDescriptor + unroll_ribbon (заявленная лучшая система)",
    "model": "hf-hub:BVRA/MegaDescriptor-L-384",
    "scope": "kpi_core",
    "headline_variant": "unroll_ribbon",
    "secondary_variant": "belly_oriented",
    "sealed_unsealed": true,
    "note": "ВСКРЫТЫ test+open_test (необратимо). Числа финальные; настройки НЕ тюнить. Порог open-set калиброван на dev+open_dev, НЕ на test."
  },
  "by_variant": {
    "unroll_ribbon": {
      "recall": {
        "overall": {
          "n": 112,
          "recall@1": 0.25,
          "ci@1": [
            0.179,
            0.3376
          ],
          "recall@5": 0.44642857142857145,
          "ci@5": [
            0.3577,
            0.5388
          ]
        },
        "per_cohort": {
          "PW": {
            "n": 11,
            "recall@1": 0.8181818181818182,
            "recall@5": 1.0
          },
          "TK": {
            "n": 101,
            "recall@1": 0.18811881188118812,
            "recall@5": 0.38613861386138615
          }
        },
        "closedset_reid_recall": {
          "1": 0.2616822429906542,
          "5": 0.4672897196261682
        },
        "pipeline_recall": {
          "1": 0.24778761061946902,
          "5": 0.4424778761061947
        },
        "coverage": {
          "n_probe": 112,
          "n_official_probe": 113,
          "n_true_id_in_gallery": 107,
          "n_excluded_no_true_id": 5
        }
      },
      "openset": {
        "auroc": 0.44642857142857145,
        "n_known": 112,
        "n_new": 21,
        "threshold": 0.6413829254359082,
        "margin_min": 0.0,
        "known_kept_rate": 0.2767857142857143,
        "new_falsely_known_rate": 0.38095238095238093
      },
      "ks": [
        1,
        5
      ],
      "aggregation": "max",
      "n_gallery": 238,
      "n_test": 112,
      "n_open_test": 21
    },
    "belly_oriented": {
      "recall": {
        "overall": {
          "n": 112,
          "recall@1": 0.23214285714285715,
          "ci@1": [
            0.1636,
            0.3184
          ],
          "recall@5": 0.41964285714285715,
          "ci@5": [
            0.3324,
            0.5122
          ]
        },
        "per_cohort": {
          "PW": {
            "n": 11,
            "recall@1": 0.7272727272727273,
            "recall@5": 1.0
          },
          "TK": {
            "n": 101,
            "recall@1": 0.1782178217821782,
            "recall@5": 0.3564356435643564
          }
        },
        "closedset_reid_recall": {
          "1": 0.24299065420560748,
          "5": 0.4392523364485981
        },
        "pipeline_recall": {
          "1": 0.23008849557522124,
          "5": 0.415929203539823
        },
        "coverage": {
          "n_probe": 112,
          "n_official_probe": 113,
          "n_true_id_in_gallery": 107,
          "n_excluded_no_true_id": 5
        }
      },
      "openset": {
        "auroc": 0.3694727891156463,
        "n_known": 112,
        "n_new": 21,
        "threshold": 0.5540495361645419,
        "margin_min": 0.0,
        "known_kept_rate": 0.7767857142857143,
        "new_falsely_known_rate": 0.8095238095238095
      },
      "ks": [
        1,
        5
      ],
      "aggregation": "max",
      "n_gallery": 238,
      "n_test": 112,
      "n_open_test": 21
    }
  },
  "headline": {
    "recall": {
      "overall": {
        "n": 112,
        "recall@1": 0.25,
        "ci@1": [
          0.179,
          0.3376
        ],
        "recall@5": 0.44642857142857145,
        "ci@5": [
          0.3577,
          0.5388
        ]
      },
      "per_cohort": {
        "PW": {
          "n": 11,
          "recall@1": 0.8181818181818182,
          "recall@5": 1.0
        },
        "TK": {
          "n": 101,
          "recall@1": 0.18811881188118812,
          "recall@5": 0.38613861386138615
        }
      },
      "closedset_reid_recall": {
        "1": 0.2616822429906542,
        "5": 0.4672897196261682
      },
      "pipeline_recall": {
        "1": 0.24778761061946902,
        "5": 0.4424778761061947
      },
      "coverage": {
        "n_probe": 112,
        "n_official_probe": 113,
        "n_true_id_in_gallery": 107,
        "n_excluded_no_true_id": 5
      }
    },
    "openset": {
      "auroc": 0.44642857142857145,
      "n_known": 112,
      "n_new": 21,
      "threshold": 0.6413829254359082,
      "margin_min": 0.0,
      "known_kept_rate": 0.2767857142857143,
      "new_falsely_known_rate": 0.38095238095238093
    },
    "ks": [
      1,
      5
    ],
    "aggregation": "max",
    "n_gallery": 238,
    "n_test": 112,
    "n_open_test": 21
  }
}